Name,Status,Type,Usage,Feature,Group,LimitedType,Description,Example,Code,Related To UCLASS,Related to UPROPERTY,Related to USTRUCT,Related to UENUM,Related to UINTERFACE,Related to UFUNCTION,Related to UPARAM,Related Meta,Parent item,Sub-item,Related to UPARAM (1) (Meta),UCLASS
Deprecated,Done,"string=""abc""",Any,Editor,Development,,,指定该元素要废弃的引擎版本号。,,,,,,,,,,,,,
ModuleRelativePath,Done,"string=""abc""",Any,UHT,UHT,,记录类型定义的的头文件路径，为其处于模块的内部相对路径。,,,,,,,,,,,,,,
Comment,Done,"string=""abc""",Any,Editor,Development,,用来记录注释的内容,,,,,,,,,,,,,,
FriendlyName,NotUsed,"string=""abc""",Any,Editor,Development,,和DisplayName一样？,,,,,,,,,,,,,,
ScriptName,Done,"string=""abc""",Any,Script,Script,,在导出到脚本里时使用的名字,,,,,,,,,,,,,,
DocumentationPolicy,Done,"string=""abc""",Any,Editor,UHT,,指定文档验证的规则，当前只能设为Strict,DocumentationPolicy=Strict,,,,,,,,,,,,,
ShortTooltip,Done,"string=""abc""",Any,Editor,,,提供一个更简洁版本的提示文本，例如在类型选择器的时候显示,"ShortToolTip=""Short tooltip”",,,,,,,,,,ToolTip (Meta/Meta/ToolTip.md),,,
ToolTip,Done,"string=""abc""",Any,Editor,Development,,在Meta里提供一个提示文本，覆盖代码注释里的文本,"ToolTip=""Something you want to say”",,,,,,,,,,,ShortTooltip (Meta/Meta/ShortTooltip.md),,
Private,Done,bool,UCLASS,Editor,Material,UMaterialExpression子类,标识该UMaterialExpression为私有节点，当前在材质蓝图右键菜单中隐藏。,,,,,,,,,,,,,,
MaterialNewHLSLGenerator,Done,bool,UCLASS,Editor,Material,UMaterialExpression子类,标识该UMaterialExpression为采用新HLSL生成器的节点，当前在材质蓝图右键菜单中隐藏。,,,,,,,,,,,,,,
Varying,NotUsed,bool,UCLASS,Blueprint,RigVMStruct,,ScriptStruct /Script/RigVM.RigVMFunction_GetDeltaTime,,,,,,,,,,,,,,
CommandLineID,Done,"string=""abc""",UCLASS,Editor,Sequencer,UMovieSceneCaptureProtocolBase的子类上,标记UMovieSceneCaptureProtocolBase的子类的协议类型。,,,,,,,,,,,,,,
TakeRecorderDisplayName,Done,"string=""abc""",UCLASS,Blueprint,Sequencer,UTakeRecorderSource的子类上,指定UTakeRecorderSource的显示名字。,,,,,,,,,,,,,,
SequencerBindingResolverLibrary,Done,bool,UCLASS,Blueprint,Sequencer,UClass上，但一般是UBlueprintFunctionLibrary,把具有SequencerBindingResolverLibrary标记的UBlueprintFunctionLibrary作为动态绑定的类。,,,,,,,,,,,,,,
ObjectSetType,OnlyInternal,"string=""abc""",UCLASS,Blueprint,Blueprint,,指定统计页面的对象集合类型。,,,,,,,,,,,,,,
NotInputConfigurable,Done,bool,UCLASS,Blueprint,Blueprint,UInputModifier和UInputTrigger的子类,让一些UInputModifier和UInputTrigger不能在ProjectSettings里配置。,,,,,,,,,,,,,,
MaterialControlFlow,Done,bool,UCLASS,Editor,Material,UMaterialExpression子类,标识该UMaterialExpression为一个控制流节点，当前在材质蓝图右键菜单中隐藏。,,,,,,,,,,,,,,
HideInDetailsView,Done,bool,"UCLASS, UPROPERTY",Editor,GAS,UAttributeSet,把该UAttributeSet子类里的属性隐藏在FGameplayAttribute的选项列表里。,,,,,,,,,,,,"HideFromModifiers (Meta/Meta/HideFromModifiers.md), SystemGameplayAttribute (Meta/Meta/SystemGameplayAttribute.md)",,
HiddenNode,Done,bool,UCLASS,Blueprint,Blueprint,UBTNode,把指定的UBTNode隐藏不在右键菜单中显示。,,,,,,,,,,,,,,
DefaultGraphNode,OnlyInternal,bool,UCLASS,Blueprint,Widget Property,,K2Node_Event /Game/Property/Widget/UMG_BindTest.UMG_BindTest:EventGraph.K2Node_Event_0,,,,,,,,,,,,,,
DisableNativeTick,Done,bool,UCLASS,Blueprint,Widget Property,UserWidget的子类,禁用该UserWidget的NativeTick。,,,,,,,,,,,,,,
HasDedicatedAsyncNode,Done,bool,UCLASS,Blueprint,,,,,,,,,,,,,,ExposedAsyncProxy (Meta/Meta/ExposedAsyncProxy.md),,,
HideThen,Done,bool,UCLASS,Blueprint,,蓝图异步节点,隐藏异步蓝图节点的Then引脚,,,,,,,,,,,ExposedAsyncProxy (Meta/Meta/ExposedAsyncProxy.md),,,
EditorConfig,Linked,"string=""abc""",UCLASS,Config,Config,,保存编辑器的配置,,,EditorConfig (Specifier/UCLASS/EditorConfig.md),,,,,,,,,,,
MatchedSerializers,Linked,bool,UCLASS,Behavior,Serialization,,只在NoExportTypes.h中使用，标明采用结构序列化器。是否支持文本导入导出,,,,,,,,,,,,,,
DevelopmentStatus,Linked,"string=""abc""",UCLASS,Editor,Development,,标明开发状态,,,"Experimental (Specifier/UCLASS/Experimental.md), EarlyAccessPreview (Specifier/UCLASS/EarlyAccessPreview.md)",,,,,,,,,,,
AdvancedClassDisplay,Linked,bool,UCLASS,Editor,DetailsPanel,,指定该类型的变量在高级显示里显示,,,AdvancedClassDisplay (Specifier/UCLASS/AdvancedClassDisplay.md),,,,,,,,,,,
HideCategories,Linked,"strings=""a，b，c""",UCLASS,Editor,DetailsPanel,,隐藏的类别,"HideCategories=(Category1, Category2, ...)",,ShowCategories (Specifier/UCLASS/ShowCategories.md),,,,,,,,,ShowCategories (Meta/Meta/ShowCategories.md),,
PrioritizeCategories,Linked,"strings=""a，b，c""",UCLASS,Editor,DetailsPanel,,把指定的属性目录优先显示在前面,,,PrioritizeCategories (Specifier/UCLASS/PrioritizeCategories.md),,,,,,,,,,,
AutoExpandCategories,Linked,"strings=""a，b，c""",UCLASS,Editor,DetailsPanel,,指定类内部的属性目录自动展开起来,,,"AutoExpandCategories (Specifier/UCLASS/AutoExpandCategories.md), AutoCollapseCategories (Specifier/UCLASS/AutoCollapseCategories.md)",,,,,,,,,,,
HideFunctions,Linked,"strings=""a，b，c""",UCLASS,Editor,Blueprint,,在属性查看器中不显示指定类别中的所有函数。,,,"HideFunctions (Specifier/UCLASS/HideFunctions.md), ShowFunctions (Specifier/UCLASS/ShowFunctions.md)",,,,,,,,,,,
AutoCollapseCategories,Linked,"strings=""a，b，c""",UCLASS,Editor,DetailsPanel,,指定类内部的属性目录自动折叠起来,,,"AutoCollapseCategories (Specifier/UCLASS/AutoCollapseCategories.md), DontAutoCollapseCategories (Specifier/UCLASS/DontAutoCollapseCategories.md), AutoExpandCategories (Specifier/UCLASS/AutoExpandCategories.md)",,,,,,,,,,,
IsConversionRoot,Linked,bool,"UCLASS, UINTERFACE",Blueprint,Blueprint,,允许Actor在自身以及子类之间做转换,,,ConversionRoot (Specifier/UCLASS/ConversionRoot.md),,,,ConversionRoot (Specifier/UINTERFACE/ConversionRoot.md),,,,,,,
SparseClassDataTypes,Linked,"string=""abc""",UCLASS,Blueprint,Blueprint,,,,,SparseClassDataType (Specifier/UCLASS/SparseClassDataType.md),,,,,,,,,,,
IncludePath,Done,"string=""abc""",UCLASS,UHT,UHT,UCLASS上的信息,记录UClass的引用路径,,,,,,,,,,,,,,
ShowCategories,NotUsed,"strings=""a，b，c""",UCLASS,Editor,,,显示类别,"ShowCategories=(Category1, Category2, ...)",,,,,,,,,,HideCategories (Meta/Meta/HideCategories.md),,,
ClassGroupNames,Linked,"strings=""a，b，c""",UCLASS,Editor,DetailsPanel,,指定ClassGroup的名字,,TArray<FString>,ClassGroup (Specifier/UCLASS/ClassGroup.md),,,,,,,,,,,
EntryInterface,Done,"string=""abc""","UCLASS, UPROPERTY",UMG,Widget Property,UWidget子类,限定EntryWidgetClass属性上可选类必须实现的接口，用在DynamicEntryBox和ListView这两个Widget上。,,,,,,,,,,,,EntryClass (Meta/Meta/EntryClass.md),,
EntryClass,Linked,"string=""abc""","UCLASS, UPROPERTY",UMG,,UWidget子类,限定EntryWidgetClass属性上可选类必须继承自的基类，用在DynamicEntryBox和ListView这两个Widget上。,,,,,,,,,,,EntryInterface (Meta/Meta/EntryInterface.md),,,
DeprecationMessage,Linked,"string=""abc""","UCLASS, UFUNCTION, UPROPERTY",Editor,Development,,定义弃用的消息,"DeprecationMessage=""Message Text”",,Deprecated (Specifier/UCLASS/Deprecated.md),,,,,,,,,,,
LoadBehavior,Done,"string=""abc""",UCLASS,Editor,Object Property,"TObjectPtr ",用在UCLASS上标记这个类的加载行为，使得相应的TObjectPtr属性支持延迟加载。可选的加载行为默认为Eager，可改为LazyOnDemand。,,,,,,,,,,,,,,
DebugTreeLeaf,Done,bool,UCLASS,Debug,Debug,,阻止BlueprintDebugger展开该类的属性以加速编辑器里调试器的性能,,,,,,,,,,,,,,
ExposedAsyncProxy,Done,"string=""abc""",UCLASS,Blueprint,Blueprint,Async Blueprint node,在 Async Task 节点中公开此类的一个代理对象。,meta = (ExposedAsyncProxy = AsyncObjectName),,,,,,,,,,,"HideSpawnParms (Meta/Meta/HideSpawnParms.md), HasDedicatedAsyncNode (Meta/Meta/HasDedicatedAsyncNode.md), HideThen (Meta/Meta/HideThen.md)",,
ShowWorldContextPin,Done,bool,UCLASS,Blueprint,,,放在UCLASS上，指定本类里的函数调用都必须显示WorldContext引脚，无论其本来是否默认隐藏,"meta=(ShowWorldContextPin=""true"")",,,,,,,,,,WorldContext (Meta/Meta/WorldContext.md),,,
DeprecatedNode,Done,bool,UCLASS,Editor,DetailsPanel,BehaviorTreeNode，EnvQueryNode,用于BehaviorTreeNode或EnvQueryNode，说明该类已废弃，在编辑器中红色错误展示并有错误ToolTip提示,,,,,,,,,,,,,,
ChildCannotTick,Done,bool,UCLASS,Behavior,,Actor类,用于Actor或ActorComponent子类，标记允许其蓝图子类不可以接受响应Tick事件，哪怕父类可以Tick,,,,,,,,,,,ChildCanTick (Meta/Meta/ChildCanTick.md),,,
ChildCanTick,Done,bool,UCLASS,Behavior,Actor,Actor类,用于Actor或ActorComponent子类，标记允许其蓝图子类可以接受响应Tick事件,,,,,,,,,,,,ChildCannotTick (Meta/Meta/ChildCannotTick.md),,
BlueprintThreadSafe,Done,bool,"UCLASS, UFUNCTION",Blueprint,Blueprint,从实践上，类一般是BlueprintFunctionLibrary,"用在类上或函数上，标记类里的函数都是线程安全的。
这样就可以在动画蓝图等非游戏线程被调用了。",,,,,,,,,,,,NotBlueprintThreadSafe (Meta/Meta/NotBlueprintThreadSafe.md),,
RestrictedToClasses,Done,"strings=""a，b，c""",UCLASS,Blueprint,Blueprint,BlueprintFunctionLibrary,限制蓝图函数库下的函数只能在RestrictedToClasses指定的类蓝图中右键创建出来,"RestrictedToClasses=""Class1, Class2, ..”",,,,,,,,,,,,,
BlueprintSpawnableComponent,Done,bool,UCLASS,Blueprint,Component Property,Component类,如其存在，组件类可由蓝图生成。,"可以在蓝图中Spawn
UCLASS(meta=(BlueprintSpawnableComponent))
class ClassName : UActorComponent
{
...
}
关系到是否有AddXXXComponent的节点",,,,,,,,,,,,,
DontUseGenericSpawnObject,Done,bool,UCLASS,Blueprint,Blueprint,既非Actor又非ActorComponent的BluprintType类时,阻止使用蓝图中的Generic Create Object节点来生成本类的对象。,"DontUseGenericSpawnObject=""true”",,,,,,,,,,,,,
UsesHierarchy,NotUsed,bool,UCLASS,Editor,DetailsPanel,,说明类使用层级数据。用于实例化“细节”面板中的层级编辑功能。,,,,,,,,,,,,,,
ProhibitedInterfaces,Done,"strings=""a，b，c""",UCLASS,Blueprint,Blueprint,,列出与蓝图类不兼容的接口，阻止实现,"ProhibitedInterfaces=""Interface1, Interface2, ..”",,,,,,,,,,,,,
KismetHideOverrides,NotWorked,"strings=""a，b，c""",UCLASS,Blueprint,Blueprint,,不允许被覆盖的蓝图事件的列表。,"KismetHideOverrides=""Event1, Event2, ..”",,,,,,,,,,,,,
IgnoreCategoryKeywordsInSubclasses,Linked,bool,UCLASS,Editor,DetailsPanel,,用于让一个类的首个子类忽略所有继承的 ShowCategories 和 HideCategories 说明符。,,,ComponentWrapperClass (Specifier/UCLASS/ComponentWrapperClass.md),,,,,,,,,,,
BlueprintType,Linked,bool,"UCLASS, UENUM, UINTERFACE, USTRUCT",Blueprint,Blueprint,,表明可以作为一个蓝图变量,"BlueprintType=""true/false”",,"Blueprintable (Specifier/UCLASS/Blueprintable.md), NotBlueprintable (Specifier/UCLASS/NotBlueprintable.md), BlueprintType (Specifier/UCLASS/BlueprintType.md), NotBlueprintType (Specifier/UCLASS/NotBlueprintType.md)",,BlueprintInternalUseOnly (Specifier/USTRUCT/BlueprintInternalUseOnly.md),BlueprintType (Specifier/UENUM/BlueprintType.md),"Blueprintable (Specifier/UINTERFACE/Blueprintable.md), NotBlueprintable (Specifier/UINTERFACE/NotBlueprintable.md)",BlueprintInternalUseOnly (Specifier/UFUNCTIONea27c93c0d76/BlueprintInternalUseOnly.md),,"BlueprintInternalUseOnly (Meta/Meta/BlueprintInternalUseOnly.md), BlueprintInternalUseOnlyHierarchical (Meta/Meta/BlueprintInternalUseOnlyHierarchical.md)",,,,
IsBlueprintBase,Linked,bool,"UCLASS, UINTERFACE",Blueprint,Blueprint,,说明此类是否为创建蓝图的一个可接受基类，与 UCLASS 说明符、Blueprintable 或 'NotBlueprintable` 相似。,"IsBlueprintBase=""true/false”",,"Blueprintable (Specifier/UCLASS/Blueprintable.md), NotBlueprintable (Specifier/UCLASS/NotBlueprintable.md)",,,,"Blueprintable (Specifier/UINTERFACE/Blueprintable.md), NotBlueprintable (Specifier/UINTERFACE/NotBlueprintable.md)",,,,,,,
TemplateName,Done,"string=""abc""",USTRUCT,RigVM,RigVMStruct,FRigUnit,指定该FRigUnit成为一个泛型模板节点。,,,,,,,,,,,,,,
Icon,Done,"string=""abc""",USTRUCT,RigVM,RigVMStruct,FRigUnit,设定FRigUnit蓝图节点的图标。,,,,,,,,,,,,,,
Abstract,Done,bool,USTRUCT,RigVM,RigVMStruct,FRigUnit类型上,标识该FRigUnit为抽象类，不用实现Execute。,,,,,,,,,,,,,,
Deprecated,Done,bool,USTRUCT,RigVM,RigVMStruct,FRigUnit类型上,标识该FRigUnit为弃用状态，不在蓝图右键菜单中显示。,,,,,,,,,,,,,,
MenuDescSuffix,Done,bool,USTRUCT,RigVM,RigVMStruct,FRigUnit类型上,标识FRigUnit在蓝图右键菜单项的名字后缀。,,,,,,,,,,,,,,
Constant,Linked,bool,"UPROPERTY, USTRUCT",RigVM Pin,RigVMStruct,,标识一个属性成为一个常量的引脚。,,,,,,,,,,,Input (Meta/Meta/Input.md),,,
NodeColor,Done,"string=""abc""",USTRUCT,RigVM,RigVMStruct,FRigUnit,指定FRigUnit蓝图节点的RGB颜色值。,,,,,,,,,,,,,,
Keywords,Done,"strings=""a，b，c""",USTRUCT,RigVM,RigVMStruct,FRigUnit,设定FRigUnit蓝图节点在右键菜单中的关键字，方便输入查找。,,,,,,,,,,,,,,
NiagaraInternalType,OnlyInternal,bool,USTRUCT,Niagara,Niagara,,指定该结构的类型为Niagara的内部类型。,,,,,,,,,,,,,,
NiagaraClearEachFrame,OnlyInternal,bool,USTRUCT,Niagara,Niagara,,ScriptStruct /Script/Niagara.NiagaraSpawnInfo,,,,,,,,,,,,,,
DataflowFlesh,NotUsed,bool,USTRUCT,Blueprint,Struct,,ScriptStruct /Script/DataflowNodes.FloatOverrideDataflowNode,,,,,,,,,,,,,,
ScriptDefaultBreak,Linked,bool,USTRUCT,Blueprint,Script,,,,,,,,,,,,,ScriptDefaultMake (Meta/Meta/ScriptDefaultMake.md),,,
ScriptDefaultMake,Done,bool,USTRUCT,Blueprint,Script,,禁用结构上的HasNativeMake，在脚本里构造的时候不调用C++里的NativeMake函数，而采用脚本内建的默认初始化方式。,,,,,,,,,,,,ScriptDefaultBreak (Meta/Meta/ScriptDefaultBreak.md),,
BlueprintInternalUseOnlyHierarchical,Linked,bool,USTRUCT,Blueprint,Blueprint,,标明该结构及其子类都不暴露给用户定义和使用，均只能在蓝图系统内部使用,,,,,BlueprintInternalUseOnlyHierarchical (Specifier/USTRUCT/BlueprintInternalUseOnlyHierarchical.md),,,,,"BlueprintInternalUseOnly (Meta/Meta/BlueprintInternalUseOnly.md), BlueprintType (Meta/Meta/BlueprintType.md)",,,,
DisableSplitPin,Done,bool,USTRUCT,Blueprint,PIn,,禁用Struct的split功能,,,,,,,,,,,,,,
HiddenByDefault,Done,bool,USTRUCT,Blueprint,PIn,,Struct的Make Struct和Break Struct节点中的引脚默认为隐藏状态,,,,,,,,,,,,,,
HasNativeBreak,Done,"string=""abc""",USTRUCT,Blueprint,Struct,,说明此结构体拥有一个自定义Break Struct节点。必须提供模块、类和函数命名。,"HasNativeBreak=""Module.Class.Function”",,,,,,,,,,,HasNativeMake (Meta/Meta/HasNativeMake.md),,
HasNativeMake,Done,"string=""abc""",USTRUCT,Blueprint,,,说明此结构体拥有一个自定义Break Struct节点。必须提供模块、类和函数命名。,"HasNativeMake=""Module.Class.Function”",,,,,,,,,,HasNativeBreak (Meta/Meta/HasNativeBreak.md),,,
RigVMTypeAllowed,Done,bool,UENUM,Blueprint,RigVMStruct,,指定一个UENUM可以在FRigUnit的UEnum*属性中被选择。,,,,,,,,,,,,,,
TraceQuery,OnlyInternal,bool,UENUM,Editor,Enum Property,,Enum /Script/Engine.ECollisionChannel,,,,,,,,,,,,,,
Grouping,OnlyInternal,bool,UENUM,Editor,Enum Property,,Enum /Script/Engine.EAlphaBlendOption,,,,,,,,,,,,,,
DisplayValue,NotUsed,,UENUM,,Enum Property,,Enum /Script/Engine.AnimPhysCollisionType,,,,,,,,,,,,,,
Hidden,Done,bool,UENUM,Blueprint,Enum Property,UENUM的值,隐藏UENUM的某个值,,,,,,,,,,,,,,
Spacer,Linked,bool,UENUM,Blueprint,Enum Property,UENUM,隐藏UENUM的某个值,,,,,,,,,,,,,,
EnumDisplayNameFn,Done,"string=""abc""",UENUM,Editor,Numeric Property,,在Runtime下为枚举字段提供自定义名称的函数回调,,,,,,,,,,,,,,
UseEnumValuesAsMaskValuesInEditor,Done,bool,UENUM,Blueprint,,,指定枚举值已经是位移后的值，而不是位标记的索引下标。,,,,,,,,,,,Bitflags (Meta/Meta/Bitflags.md),,,
Bitflags,Done,bool,UENUM,Blueprint,Enum Property,,设定一个枚举支持采用位标记赋值,"UENUM(Meta = (Bitflags))
enum class EColorBits
{
ECB_Red,
ECB_Green,
ECB_Blue
};
UPROPERTY(EditAnywhere, Meta = (Bitmask, BitmaskEnum = ""EColorBits""))
int32 ColorFlags;",,,,,,,,,,,UseEnumValuesAsMaskValuesInEditor (Meta/Meta/UseEnumValuesAsMaskValuesInEditor.md),,
InternalUseParam,Done,"strings=""a，b，c""",UFUNCTION,Blueprint,PIn,,用在函数调用上，指定要隐藏的参数名称，也可以隐藏返回值。可以隐藏多个参数,"InternalUseParam=""Parameter1, Parameter2”",,,,,,,,,,HidePin (Meta/Meta/HidePin.md),,,
GetterContext,Done,"string=""abc""",UFUNCTION,Blueprint,AnimationGraph,UAnimInstance及子类的AnimGetter函数,继续限定AnimGetter函数在哪个地方才可以使用，如果不填，则默认都可以用。,,,,,,,,,,,AnimGetter (Meta/Meta/AnimGetter.md),,,
AnimGetter,Done,bool,UFUNCTION,Blueprint,AnimationGraph,UAnimInstance及子类的函数,指定UAnimInstance及子类的该函数成为一个AnimGetter函数。,,,,,,,,,,,,GetterContext (Meta/Meta/GetterContext.md),,
FieldNotifyInterfaceParam,OnlyInternal,"string=""abc""",UFUNCTION,Blueprint,FieldNotify,函数里有其他FFieldNotificationId 参数,Function /Script/Engine.FieldNotificationLibrary:BroadcastFieldsValueChanged,,,,,,,,,,,,,,
ViewmodelBlueprintWidgetExtension,OnlyInternal,"string=""abc""",UFUNCTION,Blueprint,Widget Property,,Function /Script/UMG.ListView:BP_SetListItems,,,,,,,,,,,,,,
ExpandBoolAsExecs,Linked,"string=""abc""",UFUNCTION,Blueprint,,,是ExpandEnumAsExecs的别名，完全等价其功能。,,,,,,,,,,,ExpandEnumAsExecs (Meta/Meta/ExpandEnumAsExecs.md),,,
AllowedParamType,OnlyInternal,"string=""abc""",UFUNCTION,,AnimationGraph,,,,,,,,,,,,,,,,
CustomWidget,OnlyInternal,"string=""abc""","UFUNCTION, UPROPERTY",,AnimationGraph,,,,,,,,,,,,,,,,
Variadic,Linked,bool,UFUNCTION,Blueprint,Blueprint,,指定该函数接受多个参数,,,,,,,,Variadic (Specifier/UFUNCTIONea27c93c0d76/Variadic.md),,,,,,
IgnoreTypePromotion,Done,bool,UFUNCTION,Blueprint,Blueprint,UBlueprintFunctionLibrary内的BlueprintPure，以OP_XXX形式的函数,标记该函数不收录进类型提升函数库," meta = (IgnoreTypePromotion)",,,,,,,,,,,,,
ForceAsFunction,Done,bool,UFUNCTION,Blueprint,Blueprint,,把C++里用BlueprintImplementableEvent或NativeEvent定义的事件强制改为函数在子类中覆写。,meta = (ForceAsFunction),,,,,,,,,,,,,
ReturnDisplayName,Done,"string=""abc""",UFUNCTION,Blueprint,Blueprint,,改变函数返回值的名字，默认是ReturnValue,,,,,,,,,,,,,,
CallInEditor,Linked,bool,UFUNCTION,Blueprint,Blueprint,,可以在Actor的细节面板上作为一个按钮来调用该函数。,,,,,,,,CallInEditor (Specifier/UFUNCTIONea27c93c0d76/CallInEditor.md),,,,,,
DeprecatedFunction,Linked,bool,UFUNCTION,Blueprint,Development,,标明一个函数已经被弃用,,,,,,,,,,,,,,
CustomThunk,Linked,bool,UFUNCTION,UHT,UHT,,指定UHT不为该函数生成蓝图调用的辅助函数，而需要用户自定义编写。,,,,,,,,"ServiceRequest (Specifier/UFUNCTIONea27c93c0d76/ServiceRequest.md), CustomThunk (Specifier/UFUNCTIONea27c93c0d76/CustomThunk.md)",,,,,,
ScriptConstantHost,Done,"string=""abc""",UFUNCTION,Script,Script,,在ScriptConstant的基础上，指定常量生成的所在类型。,,,,,,,,,,,ScriptConstant (Meta/Meta/ScriptConstant.md),,,
ScriptMethodMutable,Done,bool,UFUNCTION,Script,Script,第一个参数是结构类型,把ScriptMethod的第一个const结构参数在调用上改成引用参数，函数内修改的值会保存下来。,,,,,,,,,,,ScriptMethod (Meta/Meta/ScriptMethod.md),,,
ScriptConstant,Done,"string=""abc""",UFUNCTION,Script,Script,,把一个静态函数的返回值包装成为一个常量值。,,,,,,,,,,,,ScriptConstantHost (Meta/Meta/ScriptConstantHost.md),,
ScriptOperator,Done,"string=""a;b;c""",UFUNCTION,Script,Script,,把第一个参数为结构的静态函数包装成结构的运算符。,,,,,,,,,,,,,,
ScriptMethodSelfReturn,Done,bool,UFUNCTION,Script,Script,,在ScriptMethod的情况下，指定把这个函数的返回值要去覆盖该函数的第一个参数。,,,,,,,,,,,ScriptMethod (Meta/Meta/ScriptMethod.md),,,
ScriptMethod,Done,"string=""a;b;c""",UFUNCTION,Script,Script,static function,把静态函数导出变成第一个参数的成员函数。,,,,,,,,,,,,"ScriptMethodMutable (Meta/Meta/ScriptMethodMutable.md), ScriptMethodSelfReturn (Meta/Meta/ScriptMethodSelfReturn.md)",,
DynamicOutputParam,Linked,"strings=""a，b，c""",UFUNCTION,Blueprint,,Class或Object指针类型，或容器类型,配合DeterminesOutputType，指定多个支持动态类型的输出参数。,,,,,,,,,,,DeterminesOutputType (Meta/Meta/DeterminesOutputType.md),,,
DeterminesOutputType,Done,"string=""abc""",UFUNCTION,Blueprint,Blueprint,Class或Object指针类型，或容器类型,指定一个参数的类型作为函数动态调整输出参数类型的参考类型,,,,,,,,,,,,DynamicOutputParam (Meta/Meta/DynamicOutputParam.md),,
AnimBlueprintFunction,OnlyInternal,bool,UFUNCTION,Behavior,AnimationGraph,Anim BP,标明是动画蓝图里的内部纯存根函数，只在动画蓝图编译时设置,,,,,,,,,,,,,,
NotBlueprintThreadSafe,Done,bool,UFUNCTION,Blueprint,,,用在函数上，标记这个函数是不线程安全的,,,,,,,,,,,BlueprintThreadSafe (Meta/Meta/BlueprintThreadSafe.md),,,
BlueprintAutocast,Done,bool,UFUNCTION,Blueprint,Blueprint,,仅能由来自蓝图函数库的静态 BlueprintPure 函数使用。Cast节点将根据返回类型和函数首个参数的类型来自动添加。,,,,,,,,,,,,,,
WorldContext,Done,"string=""abc""",UFUNCTION,Blueprint,Blueprint,,指定函数的一个参数自动接收WorldContext对象，以便确定当前运行所处于的World,"WorldContext = ""MyWorldContextObjectParam”",,,,,,,,,,,"CallableWithoutWorldContext (Meta/Meta/CallableWithoutWorldContext.md), ShowWorldContextPin (Meta/Meta/ShowWorldContextPin.md)",,
UnsafeDuringActorConstruction,Done,bool,UFUNCTION,Blueprint,Blueprint,,标明该函数不能在Actor的构造函数里调用,,,,,,,,,,,,,,
NativeMakeFunc,Done,bool,UFUNCTION,Blueprint,Blueprint,,指定一个函数采用MakeStruct的图标,,,,,,,,,,,,NativeBreakFunc (Meta/Meta/NativeBreakFunc.md),,
NativeBreakFunc,Linked,bool,UFUNCTION,Blueprint,,,指定一个函数采用BreakStruct的图标。,,,,,,,,,,,NativeMakeFunc (Meta/Meta/NativeMakeFunc.md),,,
MaterialParameterCollectionFunction,Done,bool,UFUNCTION,Blueprint,Material,带有UMaterialParameterCollection参数的函数,指定该函数是用于操作UMaterialParameterCollection，从而支持ParameterName的提取和验证,,,,,,,,,,,,,,
LatentInfo,Linked,"string=""abc""",UFUNCTION,Blueprint,,,和Latent配合，指明哪个函数参数是LatentInfo参数。,"LatentInfo=""Parameter”",,,,,,,,,,Latent (Meta/Meta/Latent.md),,,
Latent,Done,bool,UFUNCTION,Blueprint,Blueprint,,标明一个函数是一个延迟异步操作,,,,,,,,,,,,"LatentInfo (Meta/Meta/LatentInfo.md), NeedsLatentFixup (Meta/Meta/NeedsLatentFixup.md), LatentCallbackTarget (Meta/Meta/LatentCallbackTarget.md)",,
Keywords,Done,"string=""abc""",UFUNCTION,Blueprint,Blueprint,,指定一系列关键字用于在蓝图内右键找到该函数,"KeyWords=""A,B C”",,,,,,,,,,,,,
HideSpawnParms,Done,"strings=""a，b，c""",UFUNCTION,Blueprint,,,在UGamelayTask子类生成的蓝图异步节点上隐藏UGamelayTask子类继承链中某些属性。,,,,,,,,,,,ExposedAsyncProxy (Meta/Meta/ExposedAsyncProxy.md),,,
InternalUseParam,Done,"strings=""a，b，c""",UFUNCTION,Blueprint,Blueprint,,用在函数调用上，指定要隐藏的参数名称，也可以隐藏返回值。可以隐藏多个,"InternalUseParam=""Parameter1, Parameter2”",,,,,,,,,,,,,
MapValueParam,Done,"string=""abc""",UFUNCTION,Blueprint,,TMap,指定一个函数参数为Map的Value，其根据MapParam指定的实际Map参数的Value类型而相应改变。,,,,,,,,,,,MapParam (Meta/Meta/MapParam.md),,,
MapKeyParam,Linked,"string=""abc""",UFUNCTION,Blueprint,,TMap,指定一个函数参数为Map的Key，其根据MapParam指定的实际Map参数的Key类型而相应改变。,,,,,,,,,,,MapParam (Meta/Meta/MapParam.md),,,
MapParam,Done,"string=""abc""",UFUNCTION,Blueprint,Blueprint,TMap,"指定函数从参数为TMap<TKey,TValue>的泛型，元素类型为通配符的泛型。",,,,,,,,,,,,"MapKeyParam (Meta/Meta/MapKeyParam.md), MapValueParam (Meta/Meta/MapValueParam.md)",,
SetParam,Done,"string=""A | B | C""",UFUNCTION,Blueprint,Blueprint,TSet,指定函数从参数为TSet<TItem>的泛型，元素类型为通配符的泛型。,"”SetA | ItemA, SetB | ItemB”",,,,,,,,,,,,,
DataTablePin,Done,"string=""abc""",UFUNCTION,Blueprint,PIn,DataTable，CurveTable,指定一个函数参数为DataTable或CurveTable类型，以便为FName的其他参数提供RowNameList的选择。,,,,,,,,,,,,,,
HideSelfPin,Done,bool,UFUNCTION,Blueprint,PIn,,用在函数调用上，隐藏默认的SelfPin，也就是Target，导致该函数只能在OwnerClass内调用。,"HideSelfPin=""true”",,,,,,,,,,,,,
HidePin,Done,"strings=""a，b，c""",UFUNCTION,Blueprint,PIn,,用在函数调用上，指定要隐藏的参数名称，也可以隐藏返回值。可以隐藏多个参数,"HidePin=""Parameter1, Parameter2”",,,,,,,,,,,InternalUseParam (Meta/Meta/InternalUseParam.md),,
ExpandEnumAsExecs,Done,"strings=""a，b，c""",UFUNCTION,Blueprint,Blueprint,,指定多个enum或bool类型的函数参数，自动根据条目生成相应的多个输入或输出执行引脚，并根据实参值不同来相应改变控制流。,"ExpandEnumAsExecs=""EnumA, EnumB | boolVal, ReturnValue”",,,,,,,,,,,ExpandBoolAsExecs (Meta/Meta/ExpandBoolAsExecs.md),,
DevelopmentOnly,Done,bool,UFUNCTION,Blueprint,Development,,使得一个函数变为DevelopmentOnly，意味着只会在Development模式中运行。适用于调试输出之类的功能，但在最终发布版中会跳过。,,,,,,,,,,,,,,
DefaultToSelf,Done,bool,UFUNCTION,Blueprint,Blueprint,,用在函数上，指定一个参数的默认值为Self值,DefaultToSelf=“ParameterName”,,,,,,,,,,,,,
CustomStructureParam,Done,"strings=""a，b，c""",UFUNCTION,Blueprint,Blueprint,,被CustomStructureParam标记的函数参数会变成Wildcard的通配符参数，其引脚的类型会等于连接的变量类型。,"CustomStructureParam=(""Parameter1, Parameter2, .."")",,,,,,,,,,,,,
CompactNodeTitle,Done,"string=""abc""",UFUNCTION,Editor,Blueprint,,使得函数的展示形式变成精简压缩模式，同时指定一个新的精简的名字,"CompactNodeTitle=""Name”",,,,,,,,,,,,,
CommutativeAssociativeBinaryOperator,Done,bool,UFUNCTION,Blueprint,Blueprint,,标记一个二元运算函数的运算支持交换律和结合律，在蓝图节点上增加一个“+”引脚，允许动态的直接添加多个输入值。,CommutativeAssociativeBinaryOperator=“true”,,,,,,,,,,,,,
CallableWithoutWorldContext,Done,bool,UFUNCTION,Blueprint,,,让函数也可以脱离WorldContextObject而使用,"meta=(WorldContext=""WorldContextObject"", CallableWithoutWorldContext ) ",,,,,,,,,,WorldContext (Meta/Meta/WorldContext.md),,,
BlueprintProtected,Done,bool,"UFUNCTION, UPROPERTY",Blueprint,Blueprint,,指定该函数或属性只能在本类以及子类中被调用或读写，类似C++中的protected作用域限制。不可在别的蓝图类里访问。,BlueprintProtected=“true”,,,,,,,,,,,"BlueprintPrivate (Meta/Meta/BlueprintPrivate.md), AllowPrivateAccess (Meta/Meta/AllowPrivateAccess.md)",,
BlueprintInternalUseOnly,Linked,bool,"UFUNCTION, USTRUCT",Blueprint,Blueprint,,标明该元素是作为蓝图系统的内部调用或使用，不暴露出来在用户层面直接定义或使用。,,,,,BlueprintInternalUseOnly (Specifier/USTRUCT/BlueprintInternalUseOnly.md),,,BlueprintInternalUseOnly (Specifier/UFUNCTIONea27c93c0d76/BlueprintInternalUseOnly.md),,"BlueprintType (Meta/Meta/BlueprintType.md), BlueprintInternalUseOnlyHierarchical (Meta/Meta/BlueprintInternalUseOnlyHierarchical.md)",,,,
HideAssetPicker,Done,"strings=""a，b，c""",UFUNCTION,Editor,Object Property,UObject*,隐藏Object类型引脚上的AssetPicker的选择列表,,,,,,,,,,,,,,
AutoCreateRefTerm,Done,"strings=""a，b，c""",UFUNCTION,Blueprint,Blueprint,,指定函数的多个输入引用参数在没有连接的时候自动为其创建默认值,"AutoCreateRefTerm=""Parameter1, Parameter2, ..”",,,,,,,,,,,,,
ArrayTypeDependentParams,Done,"string=""abc""",UFUNCTION,Blueprint,,,当ArryParam指定的函数拥有两个或以上Array参数的时候，指定哪些数组参数的类型也应该相应的被更新改变。,"ArrayTypeDependentParams=""Parameter”",,,,,,,,,,ArrayParm (Meta/Meta/ArrayParm.md),,,
ArrayParm,Done,"strings=""a，b，c""",UFUNCTION,Blueprint,Blueprint,,指定一个函数为使用Array<*>的函数，数组元素类型为通配符的泛型。,"ArrayParm=""ArrayA, ArrayB, ..”",,,,,,,,,,,ArrayTypeDependentParams (Meta/Meta/ArrayTypeDependentParams.md),,
AdvancedDisplay,Done,"strings=""a，b，c""",UFUNCTION,Blueprint,Blueprint,,把函数的一些参数折叠起来不显示，需要手动点开下拉箭头来展开编辑。,"AdvancedDisplay=""Parameter1, Parameter2, ..”
AdvancedDisplay=”N”",,,,,,,,,,,,,
ScriptNoExport,Done,bool,"UFUNCTION, UPROPERTY",Script,Script,,不导出该函数或属性到脚本。,,,,,,,,,,,,,,
BaseClass,Done,bool,UPROPERTY,Blueprint,TypePicker,FStateTreeEditorNode属性,只在StateTree模块中使用，限制FStateTreeEditorNode选择的基类类型。,,,,,,,,,,,,,,
Aggregate,Done,bool,UPROPERTY,RigVM Pin,RigVMStruct,FRigUnit下的属性,指定FRigUnit里的属性引脚为可扩展连续二元运算符的运算数。,,,,,,,,,,,,,,
ExpandByDefault,Done,bool,UPROPERTY,RigVM Pin,RigVMStruct,,把FRigUnit里的属性引脚默认展开。,,,,,,,,,,,,,,
CustomWidget,Done,"string=""abc""",UPROPERTY,RigVM Pin,RigVMStruct,FRigUnit中的属性,指定该FRigUnit里的属性要用自定义的控件来编辑。,,,,,,,,,,,,,,
DetailsOnly,Linked,bool,UPROPERTY,RigVM Pin,RigVMStruct,FRigUnit下的属性,指定FRigUnit下的该属性只在细节面板中显示。,,,,,,,,,,,Input (Meta/Meta/Input.md),,,
Hidden,Linked,bool,UPROPERTY,RigVM Pin,RigVMStruct,FRigUnit中属性,指定FRigUnit下的该属性隐藏,,,,,,,,,,,Input (Meta/Meta/Input.md),,,
Output,Linked,bool,UPROPERTY,RigVM Pin,RigVMStruct,FRigUnit中属性,指定FRigUnit下的该属性作为输出引脚。,,,,,,,,,,,Input (Meta/Meta/Input.md),,,
Visible,Done,bool,UPROPERTY,RigVM Pin,RigVMStruct,FRigUnit中属性,指定FRigUnit下的该属性为常量引脚，无法连接变量。,,,,,,,,,,,Input (Meta/Meta/Input.md),,,
SystemGameplayAttribute,Done,bool,UPROPERTY,Blueprint,GAS,UAbilitySystemComponent子类里面的属性,把UAbilitySystemComponent子类里面的属性暴露到FGameplayAttribute 选项框里。,,,,,,,,,,,HideInDetailsView (Meta/Meta/HideInDetailsView.md),,,
HideFromModifiers,Done,bool,UPROPERTY,Blueprint,GAS,UAttributeSet下的属性,指定AttributeSet下的某属性不出现在GameplayEffect下的Modifiers的Attribute选择里。,,,,,,,,,,,HideInDetailsView (Meta/Meta/HideInDetailsView.md),,,
Input,Done,bool,UPROPERTY,RigVM Pin,RigVMStruct,FRigUnit中属性,指定FRigUnit下的该属性作为输入引脚。,,,,,,,,,,,,"Output (Meta/Meta/Output.md), Visible (Meta/Meta/Visible.md), Hidden (Meta/Meta/Hidden.md), DetailsOnly (Meta/Meta/DetailsOnly.md), Constant (Meta/Meta/Constant.md)",,
RowType,Done,"string=""abc""",UPROPERTY,Behavior,TypePicker,FDataTableRowHandle,指定可选的行类型基类,,,,,,,,,,,,,,
FoldProperty,Done,bool,UPROPERTY,Blueprint,AnimationGraph,FAnimNode_Base下的属性,在动画蓝图中使得动画节点的某个属性成为FoldProperty。,,,,,,,,,,,,,,
InlineColorPicker,Done,bool,UPROPERTY,Editor,Numeric Property,"FColor , FLinearColor ",使FColor或FLinearColor属性在编辑的时候直接内联一个颜色选择器。,,,,,,,,,,,,,,
sRGB,NotWorked,bool,UPROPERTY,Editor,Numeric Property,"FColor , FLinearColor ",使FColor或FLinearColor属性在编辑的时候采用sRGB方式。,,,,,,,,,,,,,,
ShowAsInputPin,Done,bool,UPROPERTY,Blueprint,Material,UMaterialExpression里的属性,使得UMaterialExpression里的一些基础类型属性变成材质节点上的引脚。,,,,,,,,,,,,,,
StructTypeConst,Linked,bool,UPROPERTY,Blueprint,TypePicker,FInstancedStruct,在使用BaseStruct的FInstancedStruct属性上忽略BaseStruct指向的结构基类。,,,,,,,,,,,BaseStruct (Meta/Meta/BaseStruct.md),,,
BaseStruct,Done,bool,UPROPERTY,Blueprint,TypePicker,FInstancedStruct,指定FInstancedStruct属性选项列表选择的结构都必须继承于BaseStruct指向的结构。,,,,,,,,,,,,"ExcludeBaseStruct (Meta/Meta/ExcludeBaseStruct.md), StructTypeConst (Meta/Meta/StructTypeConst.md)",,
ThumbnailSize,NotWorked,bool,"UCLASS, UPROPERTY",Editor,Object Property,,改变缩略图的大小。,"DisplayThumbnail=""true”",,,,,,,,,,DisplayThumbnail (Meta/Meta/DisplayThumbnail.md),,,
HideEditConditionToggle,Done,bool,UPROPERTY,Editor,DetailsPanel,bool,用在使用EditCondition的属性上，表示该属性不想要其EditCondition用到的属性被隐藏起来。,,,,,,,,,,,EditCondition (Meta/Meta/EditCondition.md),,,
ConfigRestartRequired,Done,bool,UPROPERTY,Config,Config,,使属性在设置里改变后弹出重启编辑器的对话框。," meta = (ConfigRestartRequired=""true"")",,,,,,,,,,,,,
ConsoleVariable,Done,"string=""abc""",UPROPERTY,Config,Config,,,,,,,,,,,,,,,,
GetValueOptions,Linked,"string=""abc""",UPROPERTY,Editor,String/Text Property,TMap里FName/FString作为Value,为TMap里的FName/FString作Value提供细节面板里选项框的选项值,,,,,,,,,,,GetOptions (Meta/Meta/GetOptions.md),,,
GetKeyOptions,Linked,"string=""abc""",UPROPERTY,Editor,String/Text Property,TMap里FName/FString作为Key,为TMap里的FName/FString作为Key提供细节面板里选项框的选项值,,,,,,,,,,,GetOptions (Meta/Meta/GetOptions.md),,,
ValidateWidgetUsing,Done,bool,UPROPERTY,Editor,Scene,带有MakeEditWidget的FVector，FTransform,提供一个函数来验证当前属性值是否合法。,,,,,,,,,,,MakeEditWidget (Meta/Meta/MakeEditWidget.md),,,
AllowedTypes,Done,"strings=""a，b，c""",UPROPERTY,Editor,TypePicker,FPrimaryAssetId,为FPrimaryAssetId可以指定允许的资产类型。,,,,,,,,,,,,,,
AnimNotifyBoneName,Done,bool,UPROPERTY,Behavior,AnimationGraph,UAnimNotify或UAnimNotifyState子类下的FName属性,使得UAnimNotify或UAnimNotifyState下的FName属性作为BoneName的作用。,"meta=(AnimNotifyBoneName=""true"")",,,,,,,,,,,,,
AnimNotifyExpand,NotUsed,bool,UPROPERTY,Editor,AnimationGraph,UAnimNotify或UAnimNotifyState子类下的FName属性,使得UAnimNotify或UAnimNotifyState下的属性直接展开到细节面板里。,,,,,,,,,,,,,,
OnEvaluate,Invalid,,UPROPERTY,Blueprint,AnimationGraph,,,,,,,,,,,,,,,,
IncludeAssetBundles,Done,"string=""abc""",UPROPERTY,Asset,Object Property,UPrimaryDataAsset内部的ObjectPtr属性,用于UPrimaryDataAsset的子对象属性，指定应该继续递归到该子对象里去探测AssetBundle数据。,,,,,,,,,,,AssetBundles (Meta/Meta/AssetBundles.md),,,
UseComponentPicker,Done,bool,UPROPERTY,Editor,Component Property,FComponentReference，FSoftComponentReference,用在ComponentReference属性上，使得选取器的列表里展示出Actor属下的Component以便选择。,,,,,,,,,,,,AllowAnyActor (Meta/Meta/AllowAnyActor.md),,
MetaStruct,Done,"string=""abc""",UPROPERTY,Editor,TypePicker,UScriptStruct*,设定到UScriptStruct*属性上，指定选择的类型的父结构。,,,,,,,,,,,,,,
ShowDisplayNames,Done,bool,UPROPERTY,Editor,TypePicker,TSubClassOf，FSoftClassPath，UClass*，UScriptStruct*,在Class和Struct属性上，指定类选择器显示另外的显示名称而不是类原始的名字。,,,,,,,,,,,,,,
DisallowedStructs,OnlyInternal,"string=""abc""",UPROPERTY,Blueprint,TypePicker,,只在SmartObject模块中应用，用以在类选择器中排除掉某个类以及子类。,,,,,,,,,,,,,,
ExcludeBaseStruct,Linked,bool,UPROPERTY,Blueprint,TypePicker,FInstancedStruct,在使用BaseStruct的FInstancedStruct属性上忽略BaseStruct指向的结构基类。,,,,,,,,,,,BaseStruct (Meta/Meta/BaseStruct.md),,,
MustBeLevelActor,NotWorked,bool,UPROPERTY,Blueprint,Object Property,,,,,,,,,,,,,,,,
AlwaysAsPin,Done,bool,UPROPERTY,Blueprint,PIn,FAnimNode_Base,在动画蓝图中使得动画节点的某个属性总是暴露出来成为引脚,,,,,,,,,,,PinShownByDefault (Meta/Meta/PinShownByDefault.md),,,
NeverAsPin,NotUsed,bool,UPROPERTY,Blueprint,PIn,FAnimNode_Base,在动画蓝图中使得动画节点的某个属性总是不暴露出来成为引脚,,,,,,,,,,,PinShownByDefault (Meta/Meta/PinShownByDefault.md),,,
PinShownByDefault,Done,bool,UPROPERTY,Blueprint,AnimationGraph,FAnimNode_Base,在动画蓝图中使得动画节点的某个属性一开始就暴露出来成为引脚，但也可以改变。,,,,,,,,,,,,"AlwaysAsPin (Meta/Meta/AlwaysAsPin.md), NeverAsPin (Meta/Meta/NeverAsPin.md)",,
ArraySizeEnum,Done,"string=""abc""",UPROPERTY,Editor,Container Property,T Array[Size],为固定数组提供一个枚举，使得数组元素按照枚举值来作为索引和显示。,,,,,,,,,,,,,,
ColorGradingMode,Done,"string=""abc""",UPROPERTY,Editor,Numeric Property,FVector4,使得一个FVector4属性成为颜色显示,"ColorGradingMode = ""saturation/contrast/gamma/gain/offset""",,,,,,,,,,,,,
ShowNormalize,Done,bool,UPROPERTY,Editor,Numeric Property,FVector,使得FVector变量在细节面板出现一个正规化的按钮。,,,,,,,,,,,,,,
ReapplyCondition,OnlyInternal,"string=""abc""",UPROPERTY,Editor,DetailsPanel,,// Properties that have a ReapplyCondition should be disabled behind the specified property when in reapply mode,,,,,,,,,,,,,,
HideBehind,OnlyInternal,"string=""abc""",UPROPERTY,Editor,DetailsPanel,Foliage模块中,只在指定的属性为true或不为空的时候本属性才显示,,,,,,,,,,,,,,
WheelStep,Done,float/int,UPROPERTY,Editor,Numeric Property,,指定数字输入框上鼠标轮上下滚动产生的变化值,WheelStep = 10,,,,,,,,,,,,,
PropertyValidator,Done,"string=""abc""",UPROPERTY,Blueprint,String/Text Property,FName/FString/Fext,用名字指定一个UFUNCTION函数来进行文本的验证,,,,,,,,,,,,,,
AllowedCharacters,Done,"string=""abc""",UPROPERTY,Editor,String/Text Property,FName/FString/Fext,只允许文本框里可以输入这些字符。,,,,,,,,,,,,,,
MaxLength,Done,int32,UPROPERTY,Editor,String/Text Property,FName/FString/Fext,在文本编辑框里限制文本的最大长度,,,,,,,,,,,,,,
SupportDynamicSliderMinValue,Done,bool,UPROPERTY,Editor,Numeric Property,FVector4,支持数字输入框上滚动条的最小范围值在Alt按下时被动态改变,"SupportDynamicSliderMinValue = ""true""",,,,,,,,,,,SupportDynamicSliderMaxValue (Meta/Meta/SupportDynamicSliderMaxValue.md),,
SupportDynamicSliderMaxValue,Linked,bool,UPROPERTY,Editor,Numeric Property,FVector4,支持数字输入框上滚动条的最大范围值在Alt按下时被动态改变,,,,,,,,,,,SupportDynamicSliderMinValue (Meta/Meta/SupportDynamicSliderMinValue.md),,,
CtrlMultiplier,Done,float/int,UPROPERTY,Editor,Numeric Property,数据结构：FVector，FRotator，FColor,指定数字输入框在Ctrl按下时鼠标轮滚动和鼠标拖动改变值的倍率。,,,,,,,,,,,,ShiftMultiplier (Meta/Meta/ShiftMultiplier.md),,
ShiftMultiplier,Linked,float/int,UPROPERTY,Editor,Numeric Property,数据结构：FVector，FRotator，FColor,指定数字输入框在Shift按下时鼠标轮滚动和鼠标拖动改变值的倍率。,,,,,,,,,,,CtrlMultiplier (Meta/Meta/CtrlMultiplier.md),,,
ReadOnlyKeys,Done,bool,UPROPERTY,Blueprint,Container Property,TMap属性,使TMap属性的Key不能编辑。,,,,,,,,,,,,,,
AllowedLocators,OnlyInternal,"string=""abc""",UPROPERTY,Editor,Scene,FUniversalObjectLocator,用来给Sequencer定位可绑定的对象,,,,,,,,,,,,,,
ForceInlineRow,Done,bool,UPROPERTY,Editor,,,强制TMap属性里的结构key和其他Value合并到同一行来显示,,,,,,,,,,,EditInline (Meta/Meta/EditInline.md),,,
CollapsableChildProperties,LimitedInPlugin,bool,UPROPERTY,Editor,,TextureGraph插件内使用,,,,,,,,,,,,ShowInnerProperties (Meta/Meta/ShowInnerProperties.md),,,
SkipUCSModifiedProperties,OnlyInternal,bool,UPROPERTY,Serialization,Serialization,ActorComponent下的属性,跳过序列化Component里某个属性,,,,,,,,,,,,,,
bShowOnlyWhenTrue,Done,"string=""abc""",UPROPERTY,Editor,DetailsPanel,,看起来像是只有在true的时候才显示,,,,,,,,,,,,,,
FullyExpand,NotWorked,bool,UPROPERTY,Blueprint,,,,,,,,,,,,,,ShowInnerProperties (Meta/Meta/ShowInnerProperties.md),,,
MaxPropertyDepth,Done,int32,UPROPERTY,Editor,DetailsPanel,对象或结构属性,指定对象或结构在细节面板里展开的层数。,,,,,,,,,,,,,,
PinHiddenByDefault,Done,bool,UPROPERTY,Blueprint,PIn,struct member property,使得这个结构里的属性在蓝图里作为引脚时默认是隐藏的。,,,,,,,,,,,,,,
GetDisallowedClasses,Done,"string=""abc""",UPROPERTY,Editor,TypePicker,TSubClassOf，UClass*,用在类选择器上，通过一个函数来指定选择的类型列表中排除掉某一些类型基类。,"meta=(GetDisallowedClasses=""FuncName"").",TArray<UClass*> FuncName() const;,,,,,,,,,AllowedClasses (Meta/Meta/AllowedClasses.md),,,
GetAllowedClasses,Done,"string=""abc""",UPROPERTY,Editor,TypePicker,TSubClassOf，UClass*，UObject*，FSoftObjectPath,用在类或对象选择器上，通过一个函数来指定选择的对象必须属于某一些类型基类。,"meta=(GetAllowedClasses=""FuncName"").",TArray<UClass*> FuncName() const;,,,,,,,,,AllowedClasses (Meta/Meta/AllowedClasses.md),,,
GetAssetFilter,Done,"string=""abc""",UPROPERTY,Asset,Asset Property,UObject*,指定一个UFUNCTION来对UObject*属性的可选资源进行排除过滤。,,bool FuncName(const FAssetData& AssetData) const;,,,,,,,,,,,,
AllowEditInlineCustomization,Done,"string=""abc""",UPROPERTY,Editor,,,允许EditInline的对象属性可以自定义属性细节面板来编辑该对象内的数据。,,,,,,,,,,,EditInline (Meta/Meta/EditInline.md),,,
EnumValueDisplayNameOverrides,Linked,"string=""abc""",UPROPERTY,Blueprint,Enum Property,,改变枚举属性值上的显示名字,meta=(EnumValueDisplayNameOverrides=”First=Cat;Second=Dog”),,,,,,,,,,ValidEnumValues (Meta/Meta/ValidEnumValues.md),,,
GetRestrictedEnumValues,Linked,"string=""abc""",UPROPERTY,Blueprint,Enum Property,TArray<FString> FuncName() const;,指定一个函数来指定枚举属性值的哪些枚举选项是禁用的,"meta=(GetRestrictedEnumValues=""FuncName"")",,,,,,,,,,ValidEnumValues (Meta/Meta/ValidEnumValues.md),,,
Enum,Linked,"string=""abc""",UPROPERTY,Blueprint,Enum Property,FString,给一个String指定枚举的名称作为选项,,,,,,,,,,,ValidEnumValues (Meta/Meta/ValidEnumValues.md),,,
BlueprintPrivate,Linked,bool,"UFUNCTION, UPROPERTY",Blueprint,,,指定该函数或属性只能在本类中被调用或读写，类似C++中的private的作用域限制。不可在别的蓝图类里访问。,BlueprintPrivate=“true”,,,,,,,,,,BlueprintProtected (Meta/Meta/BlueprintProtected.md),,,
Category,Linked,"string=""A | B | C""","UFUNCTION, UPROPERTY",Editor,DetailsPanel,,指定属性在细节面板中的分类,,,,Category (Specifier/UPROPERTY/Category.md),,,,Category (Specifier/UFUNCTIONea27c93c0d76/Category.md),,,,,,
DeprecatedProperty,Linked,bool,UPROPERTY,Blueprint,Development,,标记弃用，引用到该属性的蓝图会触发一个警告,,,Deprecated (Specifier/UCLASS/Deprecated.md),,,,,,,,,,,
EditInline,Done,bool,UPROPERTY,Behavior,DetailsPanel,,"为对象属性创建一个实例，并作为子对象。
和类DefaultToInstanced配合。用在对象引用属性上。
在本对象创建的时候，会创建一个对象copy赋值给该对象引用属性，用做子对象。
隐含了EditInline and Export.",,,,Instanced (Specifier/UPROPERTY/Instanced.md),,,,,,,,"NoEditInline (Meta/Meta/NoEditInline.md), AllowEditInlineCustomization (Meta/Meta/AllowEditInlineCustomization.md), ForceInlineRow (Meta/Meta/ForceInlineRow.md)",,
BlueprintGetter,Linked,"string=""abc""","UFUNCTION, UPROPERTY",Blueprint,Blueprint,,"采用一个自定义的get函数来读取。
如果没有设置BlueprintSetter或BlueprintReadWrite, 则会默认设置BlueprintReadOnly.",,,,BlueprintGetter (Specifier/UPROPERTY/BlueprintGetter.md),,,,BlueprintGetter (Specifier/UFUNCTIONea27c93c0d76/BlueprintGetter.md),,,,,,
BlueprintSetter,Linked,"string=""abc""","UFUNCTION, UPROPERTY",Blueprint,Blueprint,,"采用一个自定义的set函数来读取。
会默认设置BlueprintReadWrite.",,,,BlueprintSetter (Specifier/UPROPERTY/BlueprintSetter.md),,,,BlueprintSetter (Specifier/UFUNCTIONea27c93c0d76/BlueprintSetter.md),,,,,,
NativeConstTemplateArg,OnlyInternal,bool,UPROPERTY,UHT,UHT,,指定该属性是一个const的模板参数。,,,,,,,,,,,,,,
RequiredInput,Linked,bool,UPROPERTY,Blueprint,Material,UMaterialExpression::FExpressionInput,在UMaterialExpression中指定FExpressionInput属性是否要求输入，引脚显示白色或灰色。,,,,,,,,,,,OverridingInputProperty (Meta/Meta/OverridingInputProperty.md),,,
OverridingInputProperty,Done,bool,UPROPERTY,Blueprint,Material,UMaterialExpression::float,在UMaterialExpression中指定本float要覆盖的其他FExpressionInput 属性。,,,,,,,,,,,,RequiredInput (Meta/Meta/RequiredInput.md),,
InvalidEnumValues,Linked,"strings=""a，b，c""",UPROPERTY,Blueprint,Enum Property,枚举属性值,指定枚举属性值上不可选的枚举值选项，用以排除一些选项,,,,,,,,,,,ValidEnumValues (Meta/Meta/ValidEnumValues.md),,,
ValidEnumValues,Done,"strings=""a，b，c""",UPROPERTY,Blueprint,Enum Property,枚举属性值,指定枚举属性值上可选的枚举值选项,,,,,,,,,,,,"InvalidEnumValues (Meta/Meta/InvalidEnumValues.md), GetRestrictedEnumValues (Meta/Meta/GetRestrictedEnumValues.md), EnumValueDisplayNameOverrides (Meta/Meta/EnumValueDisplayNameOverrides.md), Enum (Meta/Meta/Enum.md)",,
LatentCallbackTarget,OnlyInternal,bool,UPROPERTY,Behavior,,,用在FLatentActionInfo::CallbackTarget属性上，告诉蓝图VM在哪个对象上调用函数。,,,,,,,,,,,Latent (Meta/Meta/Latent.md),,,
NeedsLatentFixup,OnlyInternal,bool,UPROPERTY,Behavior,,,用在FLatentActionInfo::Linkage属性上，告诉蓝图VM生成跳转信息,,,,,,,,,,,Latent (Meta/Meta/Latent.md),,,
Untracked,Done,bool,UPROPERTY,Behavior,Object Property,"TSoftObjectPtr，FSoftObjectPath ",使得TSoftObjectPtr和FSoftObjectPath的软对象引用类型的属性，不跟踪记录资产的 。,,,,,,,,,,,,,,
ShowInnerProperties,Done,bool,UPROPERTY,Editor,Object Property,UObject*,在属性细节面板中显示对象引用的内部属性,,,,,,,,,,,,"ShowOnlyInnerProperties (Meta/Meta/ShowOnlyInnerProperties.md), FullyExpand (Meta/Meta/FullyExpand.md), CollapsableChildProperties (Meta/Meta/CollapsableChildProperties.md)",,
ShowOnlyInnerProperties,Done,bool,UPROPERTY,Editor,,FStruct属性,把结构属性的内部属性直接上提一个层级直接展示,,,,,,,,,,,ShowInnerProperties (Meta/Meta/ShowInnerProperties.md),,,
NoGetter,Done,bool,UPROPERTY,Blueprint,SparseDataType,,阻止UHT为该属性生成一个C++的get函数，只对稀疏类的结构数据里的属性生效。,,,,,,,,,,,,,,SparseClassDataType (Specifier/UCLASS/SparseClassDataType.md)
NoSpinbox,Done,bool,UPROPERTY,Editor,Numeric Property,"Numeric Type, int / float",使数值属性禁止默认的拖放和滚轮的UI编辑功能，数值属性包括int系列以及float系列。,,,,,,,,,,,,,,
NoResetToDefault,Done,bool,UPROPERTY,Editor,DetailsPanel,,禁用和隐藏属性在细节面板上的“重置”功能。,,,,,,,,,,,,,,
NoElementDuplicate,Done,bool,UPROPERTY,Editor,Container Property,TArray,去除TArray属性里数据项的Duplicate菜单项按钮。,,,,,,,,,,,,,,
PasswordField,Done,bool,UPROPERTY,Editor,String/Text Property,FName/FString/Fext,使得文本属性显示为密码框,,,,,,,,,,,,,,
MultiLine,Done,bool,UPROPERTY,Editor,String/Text Property,FName/FString/Fext,使得文本属性编辑框支持换行。,,,,,,,,,,,,,,
Multiple,Done,int32,UPROPERTY,Behavior,Numeric Property,int32,Used for numeric properties. Stipulates that the value must be a multiple of the metadata value.," meta = (Multiple = 5)",,,,,,,,,,,,,
MakeStructureDefaultValue,OnlyInternal,bool,UPROPERTY,Behavior,Struct,BP里的用户自定义Struct,存储BP中自定义结构里的属性的默认值。,,,,,,,,,,,,,,
IgnoreForMemberInitializationTest,Done,bool,UPROPERTY,Behavior,Struct,C++结构下的属性,使得该属性忽略结构的未初始验证。,,,,,,,,,,,,,,
RequiredAssetDataTags,Done,"strings=""a=b，c=d，e=f""",UPROPERTY,Editor,Asset Property,UObject*,在UObject*属性上指定Tags来进行过滤，必须拥有该Tags才可以被选择。,,,,AssetRegistrySearchable (Specifier/UPROPERTY/AssetRegistrySearchable.md),,,,,,,,DisallowedAssetDataTags (Meta/Meta/DisallowedAssetDataTags.md),,
DisallowedAssetDataTags,Linked,"strings=""a=b，c=d，e=f""",UPROPERTY,Editor,Asset Property,UObject*,在UObject*属性上指定Tags来进行过滤，必须没有拥有该Tags才可以被选择。,,,,AssetRegistrySearchable (Specifier/UPROPERTY/AssetRegistrySearchable.md),,,,,,,RequiredAssetDataTags (Meta/Meta/RequiredAssetDataTags.md),,,
NoEditInline,NotWorked,bool,UPROPERTY,Editor,,UObject*,Object properties pointing to an UObject instance whos class is marked editinline will not show their properties inline in property windows. Useful for getting actor components to appear in the component tree but not inline in the root actor details panel.,,,,,,,,,,,EditInline (Meta/Meta/EditInline.md),,,
ForceUnits,Linked,"string=""abc""",UPROPERTY,Editor,Numeric Property,"float,int32",固定设定属性值的单位保持不变，不根据数值动态调整显示单位。,ForceUnits=”cm”,,,,,,,,,,Units (Meta/Meta/Units.md),,,
Units,Done,"string=""abc""",UPROPERTY,Editor,Numeric Property,"float,int32",设定属性值的单位，支持实时根据数值不同动态改变显示的单位。,Units=”cm”,,,,,,,,,,,ForceUnits (Meta/Meta/ForceUnits.md),,
LinearDeltaSensitivity,Linked,float/int,UPROPERTY,Editor,Numeric Property,"float,int32",在设定Delta后，进一步设定数字输入框变成线性改变以及改变的敏感度（值越大越不敏感）,,,,,,,,,,,Delta (Meta/Meta/Delta.md),,,
Delta,Done,float/int,UPROPERTY,Editor,Numeric Property,"float,int32",设定数字输入框值改变的幅度为Delta的倍数,,,,,,,,,,,,LinearDeltaSensitivity (Meta/Meta/LinearDeltaSensitivity.md),,
TitleProperty,Done,"string=""abc""",UPROPERTY,Editor,Container Property,TArray<FStruct>,指定结构数组里的结构成员属性内容来作为结构数组元素的显示标题。,"meta = (TitleProperty=""{MyString}[{MyInt}]"")",,,,,,,,,,,,,
EditFixedOrder,Done,bool,UPROPERTY,Editor,Container Property,TArray,使数组的元素无法通过拖拽来重新排序。,,,,,,,,,,,,,,
UIMax,Linked,float/int,UPROPERTY,Editor,Numeric Property,"float,int32",指定数字输入框上滚动条拖动的最大范围值,,,,,,,,,,,UIMin (Meta/Meta/UIMin.md),,,
UIMin,Done,float/int,UPROPERTY,Editor,Numeric Property,"float,int32",指定数字输入框上滚动条拖动的最小范围值,,,,,,,,,,,,"UIMax (Meta/Meta/UIMax.md), ClampMin (Meta/Meta/ClampMin.md), ClampMax (Meta/Meta/ClampMax.md)",,
SliderExponent,Done,float/int,UPROPERTY,Editor,Numeric Property,"float,int32",指定数字输入框上滚动条拖动的变化指数分布,,,,,,,,,,,,,,
MakeEditWidget,Done,bool,UPROPERTY,Editor,Scene,FVector，FTranform,使FVector和FTranform在场景编辑器里出现一个可移动的控件。,,,,,,,,,,,,ValidateWidgetUsing (Meta/Meta/ValidateWidgetUsing.md),,
InlineEditConditionToggle,Done,bool,UPROPERTY,Editor,,bool,使这个bool属性在被用作EditCondition的时候内联到对方的属性行里成为一个单选框，而不是自己成为一个编辑行。,,,,,,,,,,,EditCondition (Meta/Meta/EditCondition.md),,,
ClampMax,Linked,float/int,UPROPERTY,Editor,Numeric Property,"float,int32",指定数字输入框实际接受的最大值,"ClampMax=""N”",,,,,,,,,,UIMin (Meta/Meta/UIMin.md),,,
ClampMin,Linked,float/int,UPROPERTY,Editor,Numeric Property,"float,int32",指定数字输入框实际接受的最小值,"ClampMin=""N”",,,,,,,,,,UIMin (Meta/Meta/UIMin.md),,,
ArrayClamp,Done,int32,UPROPERTY,Editor,Numeric Property,int32,"限定整数属性的值必须在指定数组的合法下标范围内，[0,ArrayClamp.Size()-1]","ArrayClamp=""ArrayProperty”",,,,,,,,,,,,,
EditConditionHides,Done,bool,UPROPERTY,Editor,,,在已经有EditCondition的情况下，指定该属性在EditCondition不满足的情况下隐藏起来。,,,,,,,,,,,EditCondition (Meta/Meta/EditCondition.md),,,
EditCondition,Done,"string=""abc""",UPROPERTY,Editor,DetailsPanel,,给一个属性指定另外一个属性或者表达式来作为是否可编辑的条件。,"EditCondition=""BooleanPropertyName”",,,,,,,,,,,"EditConditionHides (Meta/Meta/EditConditionHides.md), InlineEditConditionToggle (Meta/Meta/InlineEditConditionToggle.md), HideEditConditionToggle (Meta/Meta/HideEditConditionToggle.md)",,
GetOptions,Done,"string=""abc""","UPARAM, UPROPERTY",Editor,String/Text Property,"FString,FName",指定一个外部类的函数提供选项给FName或FString属性在细节面板中下拉选项框提供值列表。,"meta=(GetOptions=""FuncName"")
///
/// UFUNCTION()
/// TArray<FString> FuncName() const; // Always return string array even if FName property.",,,,,,,,,,,"GetKeyOptions (Meta/Meta/GetKeyOptions.md), GetValueOptions (Meta/Meta/GetValueOptions.md)",,
HideInDetailPanel,Done,bool,UPROPERTY,Editor,DetailsPanel,动态多播委托,隐藏Actor里的动态多播委托属性。,,,,,,,,,,,,,,
DisplayThumbnail,Done,bool,UPROPERTY,Editor,Object Property,UObject*,说明属性是一个资源类型，其应显示选中资源的缩略图。,"DisplayThumbnail=""true”",,,,,,,,,,,ThumbnailSize (Meta/Meta/ThumbnailSize.md),,
DisplayPriority,Done,int32,UPROPERTY,Editor,DetailsPanel,,指定本属性在细节面板的显示顺序优先级，越小的优先级越高。,"DisplayPriority=""N”",,,,,,,,,,,,,
DisplayAfter,Done,"string=""abc""",UPROPERTY,Editor,DetailsPanel,,使本属性在指定的属性之后显示。,"DisplayAfter=""PropertyName”",,,,,,,,,,,,,
ForceShowPluginContent,Linked,bool,UPROPERTY,Editor,Asset Property,UObject*,指定UObject*属性的资源可选列表里强制可选其他插件里的内建资源,,,,,,,,,,,ForceShowEngineContent (Meta/Meta/ForceShowEngineContent.md),,,
ForceShowEngineContent,Done,bool,UPROPERTY,Editor,Asset Property,UObject*,指定UObject*属性的资源可选列表里强制可选引擎的内建资源,,,,,,,,,,,,ForceShowPluginContent (Meta/Meta/ForceShowPluginContent.md),,
ContentDir,Done,bool,UPROPERTY,Editor,Path Property,FDirectoryPath,使用UE的风格来选择Content以及子目录。,,,,,,,,,,,,"RelativePath (Meta/Meta/RelativePath.md), RelativeToGameContentDir (Meta/Meta/RelativeToGameContentDir.md)",,
LongPackageName,Linked,bool,UPROPERTY,Editor,Path Property,FDirectoryPath，FFilePath,使用UE的风格来选择Content以及子目录，或者把文件路径转换为长包名。,,,,,,,,,,,,,,
FilePathFilter,Linked,"string=""abc""",UPROPERTY,Editor,Path Property,FFilePath,设定文件选择器的扩展名，规则符合系统对话框的格式规范，可以填写多个扩展名。,"FilePathFilter=""FileType”",,,,,,,,,,,,,
RelativeToGameContentDir,Linked,bool,UPROPERTY,Editor,Path Property,"FDirectoryPath ",使得系统目录选择对话框的结果为相对Content的相对路径。,,,,,,,,,,,ContentDir (Meta/Meta/ContentDir.md),,,
RelativePath,Linked,bool,UPROPERTY,Editor,Path Property,"FDirectoryPath ",使得系统目录选择对话框的结果为当前运行exe的相对路径。,,,,,,,,,,,ContentDir (Meta/Meta/ContentDir.md),,,
RelativeToGameDir,Done,bool,UPROPERTY,Editor,Path Property,"FFilePath ",如果系统目录选择框的结果为Project的子目录，则转换为相对路径，否则返回绝对路径。,,,,,,,,,,,,,,
MustImplement,Done,"string=""abc""",UPROPERTY,Editor,TypePicker,"TSubClassOf, FSoftClassPath，UClass*",指定TSubClassOf或FSoftClassPath属性选择的类必须实现该接口,,,,,,,,,,,,,,
ShowTreeView,Done,bool,UPROPERTY,Editor,TypePicker,"TSubClassOf，FSoftClassPath，UClass*，UScriptStruct*，FInstancedStruct ",用于选择Class或Struct的属性上，使得在类选取器中显示为树形而不是列表。,,,,,,,,,,,,,,
MetaClass,Done,"string=""abc""",UPROPERTY,Editor,TypePicker,FSoftClassPath，FSoftObjectPath,用在软引用属性上，限定要选择的对象的基类,,,,,,,,,,,,,,
BlueprintBaseOnly,Done,bool,UPROPERTY,Editor,TypePicker,"TSubClassOf, FSoftClassPath，UClass*",用于类属性，指定是否只接受可创建蓝图子类的基类,,,,,,,,,,,,,,
HideViewOptions,Done,bool,UPROPERTY,Editor,TypePicker,"TSubClassOf，FSoftClassPath，UClass*，UScriptStruct*，FInstancedStruct ",用于选择Class或Struct的属性上，隐藏在类选取器中修改显示选项的功能。,,,,,,,,,,,,,,
OnlyPlaceable,Done,bool,UPROPERTY,Editor,TypePicker,"TSubClassOf, FSoftClassPath，UClass*",用在类属性上，指定是否只接受可被放置到场景里的Actor,,,,,,,,,,,,,,
AllowAbstract,Done,bool,"UPARAM, UPROPERTY",Editor,TypePicker,"TSubClassOf, FSoftClassPath，UClass*",用于类属性，指定是否接受抽象类。,meta = (AllowAbstract),,,,,,,,,,,,,
AllowAnyActor,Done,bool,UPROPERTY,Editor,Component Property,FComponentReference，FSoftComponentReference,用在ComponentReference属性上，在UseComponentPicker的情况下使得组件选取器扩大到场景里其他Actor下的其他组件。,,,,,,,,,,,UseComponentPicker (Meta/Meta/UseComponentPicker.md),,,
ExactClass,Done,bool,UPROPERTY,Editor,TypePicker,FSoftObjectPath，UObject*,在同时设置AllowedClasses和GetAllowedClasses的时候，ExactClass指定只取这两个集合中类型完全一致的类型交集，否则取一致的交集再加上其子类。,"ExactClass=""true”",,,,,,,,,,AllowedClasses (Meta/Meta/AllowedClasses.md),,,
HideAlphaChannel,Done,bool,UPROPERTY,Editor,Numeric Property,"FColor , FLinearColor ",使FColor或FLinearColor属性在编辑的时候隐藏Alpha通道。,,,,,,,,,,,,,,
AssetBundles,Done,"strings=""a，b，c""",UPROPERTY,Asset,Object Property,"UPrimaryDataAsset内部的FSoftObjectPtr，FSoftObjectPath ",用于UPrimaryDataAsset内部的 SoftObjectPtr 或 SoftObjectPath 属性，标明其引用的资产属于哪一些AssetBundles。,,,,,,,,,,,,IncludeAssetBundles (Meta/Meta/IncludeAssetBundles.md),,
AllowPreserveRatio,Done,bool,UPROPERTY,Editor,Numeric Property,FVector,在细节面板上为FVector属性添加一个比率锁。,,,,,,,,,,,,,,
DisallowedClasses,Done,"strings=""a，b，c""",UPROPERTY,Editor,TypePicker,TSubClassOf，UClass*，FSoftClassPath，FComponentReference,用在类或对象选择器上，指定选择的对象排除掉某一些类型基类。,"DisallowedClasses=""Class1, Class2, ..”",,,,,,,,,,AllowedClasses (Meta/Meta/AllowedClasses.md),,,
AllowedClasses,Done,"strings=""a，b，c""",UPROPERTY,Editor,TypePicker,"TSubClassOf，UClass*，FSoftClassPath，UObject*，FSoftObjectPath，FPrimaryAssetId，FComponentReference,",用在类或对象选择器上，指定选择的对象必须属于某一些类型基类。,"AllowedClasses=""Class1, Class2, ..”",,,,,,,,,,,"ExactClass (Meta/Meta/ExactClass.md), DisallowedClasses (Meta/Meta/DisallowedClasses.md), GetAllowedClasses (Meta/Meta/GetAllowedClasses.md), GetDisallowedClasses (Meta/Meta/GetDisallowedClasses.md)",,
ConfigHierarchyEditable,Done,bool,UPROPERTY,Config,Config,,使得一个属性可以在Config的各个层级配置。,,,,,,,,,,,,,,
ExposeOnSpawn,Done,bool,UPROPERTY,Blueprint,Blueprint,,使该属性在ContructObject或SpawnActor等创建对象的时候暴露出来。,"ExposeOnSpawn=""true”",,,,,,,,,,,,,
GetByRef,Done,bool,UPROPERTY,Blueprint,Container Property,,指定UHT为该属性生成返回引用的C++代码,,,,,,,,,,,,,,
AllowPrivateAccess,Done,bool,UPROPERTY,Blueprint,,,允许一个在C++中private的属性，可以在蓝图中访问。,,,,,,,,,,,BlueprintProtected (Meta/Meta/BlueprintProtected.md),,,
ExposeFunctionCategories,Done,"strings=""a，b，c""",UPROPERTY,Blueprint,Object Property,UObject*,指定该Object属性所属于的类里的某些目录下的函数可以直接在本类上暴露出来。,"ExposeFunctionCategories=""Category1, Category2, ..”",,,,,,,,,,,,,
BlueprintCompilerGeneratedDefaults,OnlyInternal,bool,UPROPERTY,Blueprint,AnimationGraph,FAnimNode里的属性,指定该属性的值是编译器生成的，因此在编译后无需复制，可以加速一些编译性能。,,,,,,,,,,,,,,
BitmaskEnum,Done,"string=""abc""",UPROPERTY,Blueprint,,用来表示枚举值的int32,使用位标记后采用的枚举名字,"UPROPERTY(EditAnywhere, Meta = (Bitmask, BitmaskEnum = ""EColorBits""))
int32 ColorFlags;",,,,,,,,,,Bitmask (Meta/Meta/Bitmask.md),,,
Bitmask,Done,bool,UPROPERTY,Blueprint,Enum Property,用来表示枚举值的int32,设定一个属性采用Bitmask赋值,"UPROPERTY(EditAnywhere, Meta = (Bitmask))
int32 BasicBits;
会自动按位标记生成名字(""Flag 1"", ""Flag 2"", ""Flag 3"", etc.)",,,,,,,,,,,BitmaskEnum (Meta/Meta/BitmaskEnum.md),,
CustomizeProperty,Done,bool,UPROPERTY,Editor,AnimationGraph,FAnimNode里的属性,使用在FAnimNode的成员属性上，告诉编辑器不要为它生成默认Details面板控件，后续会在DetailsCustomization里自定义创建相应的编辑控件。,,,,,,,,,,,,,,
IsBindableEvent,Done,bool,UPROPERTY,UMG,Widget Property,UWidget子类里动态单播属性,把一个动态单播委托暴露到UMG蓝图里以绑定相应事件。,UPROPERTY(meta=(IsBindableEvent)),,,,,,,,,,,,,
BindWidgetAnimOptional,Linked,bool,UPROPERTY,UMG,Widget Property,UWidget子类里UWidgetAnimation属性,指定在C++类中该UWidgetAnimation属性可以要绑定到UMG下的某个动画，也可以不绑定。,UPROPERTY(meta=(BindWidgetAnimOptional)),,,,,,,,,,BindWidgetAnim (Meta/Meta/BindWidgetAnim.md),,,
BindWidgetAnim,Done,bool,UPROPERTY,UMG,Widget Property,UWidget子类里UWidgetAnimation属性,指定在C++类中该UWidgetAnimation属性一定要绑定到UMG下的某个动画,UPROPERTY(meta=(BindWidgetAnim)),,,,,,,,,,,BindWidgetAnimOptional (Meta/Meta/BindWidgetAnimOptional.md),,
OptionalWidget,Linked,bool,UPROPERTY,UMG,Widget Property,UWidget子类里属性,指定在C++类中该Widget属性可以绑定到UMG的某个同名控件，也可以不绑定。,"UPROPERTY(meta=(BindWidget, OptionalWidget=true))",,,,,,,,,,BindWidget (Meta/Meta/BindWidget.md),,,
BindWidgetOptional,Done,bool,UPROPERTY,UMG,Widget Property,UWidget子类里属性,指定在C++类中该Widget属性可以绑定到UMG的某个同名控件，也可以不绑定。,UPROPERTY(meta=(BindWidgetOptional)),,,,,,,,,,BindWidget (Meta/Meta/BindWidget.md),,,
BindWidget,Done,bool,UPROPERTY,UMG,Widget Property,UUserWidget子类里属性,指定在C++类中该Widget属性一定要绑定到UMG的某个同名控件。,UPROPERTY(meta=(BindWidget)),,,,,,,,,,,"BindWidgetOptional (Meta/Meta/BindWidgetOptional.md), OptionalWidget (Meta/Meta/OptionalWidget.md)",,
DesignerRebuild,Done,bool,UPROPERTY,UMG,Widget Property,UWidget子类里属性,指定Widget里的某个属性值改变后应该重新刷新UMG的预览界面。,UPROPERTY(meta=(DesignerRebuild)),,,,,,,,,,,,,
CPP_Default_XXX,Done,"string=""abc""",UPARAM,Blueprint,Blueprint,,XXX=参数名字,,,,,,,,,,,,,,
NativeConst,Linked,bool,UPARAM,Blueprint,Blueprint,,指定有C++里的const标志,,,,,,,,,Const (Specifier/UPARAM/Const.md),,,,,
DisplayName,Linked,"string=""abc""","UCLASS, UFUNCTION, UPARAM, UPROPERTY",Editor,Blueprint,,此节点在蓝图中的命名将被此处提供的值所取代，而非代码生成的命名。,"DisplayName=""Blueprint Node Name”",,,,,,,,DisplayName (Specifier/UPARAM/DisplayName.md),,,,DisplayName (Specifier/UMETA/DisplayName.md),
CppFromBpEvent,NotUsed,bool,Todo,UHT,UHT,,,,,,,,,,,,,,,,
CannotImplementInterfaceInBlueprint,Linked,bool,,Blueprint,Blueprint,,指定该接口不能在蓝图中实现,,,,,,,NotBlueprintable (Specifier/UINTERFACE/NotBlueprintable.md),,,,,,,